Workbook

Sheet Tracker
A1: # | B1: Name | C1: Title / Company | D1: Country | E1: Profile summary | F1: Response | G1: Engagement | H1: Objection | I1: Funnel stage | J1: Notes | K1: First contact date | L1: Last contact date
A2: 1 | B2: Dr. Abdullah Al Sharif | C2: Founder, Knowledge Expansion / Upskills | D2: Saudi Arabia | E2: Four ventures, CCMP, 22 yrs Toastmasters | F2: Yes | G2: Advanced | H2: Asked about methodology | I2: Final stage
A3: 2 | B3: Hans van der Laan | C3: CEO, Access2Europe | D3: Netherlands | E3: 25 yrs, multiple ventures, tested rigorously | F3: Yes | G3: Advanced | H3: Wanted technical proof | I3: Handover | J3: Handover meeting missed
A4: 3 | B4: Bayo Igoh | C4: Executive Coach, BigohCoaching | D4: UK | E4: Executive coaching practice | F4: Yes | G4: Advanced | H4: Scheduling / time zones | I4: Declined
A5: 4 | B5: Rania Habib | C5: Founder, Business Motion | D5: Lebanon | E5: Strategic comms, 11 yrs, UN work | F5: Yes | G5: Engaged | H5: None stated | I5: Handover
A6: 5 | B6: Sarah Connelly | C6: Founder, Tapped In | D6: Australia | E6: Coach, media coverage, common name | F6: Yes | G6: Engaged | H6: Unfamiliar with the field | I6: Handover
A7: 6 | B7: Saqer AlQassimi | C7: Real estate investor | D7: UAE | E7: Built own page, ran own test | F7: Yes | G7: Engaged | H7: Has own site | I7: Qualified
A8: 7 | B8: Hatem Kenawi | C8: Presence coach, ex-BBC | D8: UAE | E8: Broadcast record invisible | F8: Yes | G8: Engaged | H8: None stated | I8: Qualified
A9: 8 | B9: Abdelrahman Elmasry | C9: CEO, GenTech | D9: Egypt | E9: Ran test, sent screenshot | F9: Yes | G9: Engaged | H9: None stated | I9: Qualified
A10: 9 | B10: Hadeer Ashour | C10: Founder, Alimento | D10: UAE | E10: Mid-fundraise, product background | F10: Yes | G10: Engaged | H10: Investors use LinkedIn first | I10: Stalled
A11: 10 | B11: Olga Alcaraz | C11: Founder, OLA Consulting | D11: US | E11: Four ventures, visibility framework | F11: Yes | G11: Light | H11: Works in visibility herself | I11: Replied
A12: 11 | B12: Dr. Branka Adzic | C12: Aesthetic doctor | D12: UAE | E12: American Board, MSc Regenerative | F12: Yes | G12: Light | H12: Wanted detail | I12: Replied
A13: 12 | B13: Rowaida Muhammad | C13: CEO, six ventures | D13: Egypt/Saudi Arabia | E13: UN and USAID background | F13: Yes | G13: Light | H13: Wanted written proposal | I13: Replied
A14: 13 | B14: Mamoun Baidoun | C14: Founder, PULSE Trainings | D14: Türkiye | E14: Ex-AstraZeneca, pharmacist | F14: Yes | G14: Light | H14: Budget — 2 years | I14: Declined
A15: 14 | B15: Dr. Bahar Abdul Ahad | C15: Founder, Traineurs | D15: Saudi Arabia | E15: PharmD, coaching | F15: Yes | G15: Light | H15: Tested, satisfied with result | I15: Declined
... A21: 20 | B21: Ryane Belaid | C21: Founder, ICA | D21: France | E21: Recently founded after banking career | F21: Yes | G21: Light | H21: Asked what the service is | I21: Replied
A22: 21 | B22: Stefan Xhunga | C22: CEO, Kriselaengineering | D22: Albania | E22: Industry 5.0, semiconductors | F22: Yes | G22: Light | H22: Hesitant on WhatsApp | I22: Replied | J22: Check company spelling
A23: 22 | B23: Sami Al-Qahtani | C23: Partner, two companies | D23: Saudi Arabia | E23: Ex-Saudi Electricity, 15 yrs | F23: Yes | G23: Light | H23: Didn't understand concept | I23: Replied
B25: Legend
C26: Yellow = to be filled in (dates were not in the source data)
C27: Funnel stage, Engagement and Response use dropdowns so the Summary tab counts stay accurate.
C28: Source: prospect data supplied by user; no dates provided.

Sheet Summary
A1: Prospect Pipeline Summary
A2: All figures are formulas over the Tracker tab.
A4: Total prospects | B4: =COUNTA(Tracker!$B$2:$B$23)
A5: Responded | B5: =COUNTIF(Tracker!$F$2:$F$23,"Yes") | C5: =IF($B$4=0,0,B5/$B$4)
A7: Funnel stage | B7: Count | C7: % of total
A8: Replied | B8: =COUNTIF(Tracker!$I$2:$I$23,"Replied") | C8: =IF($B$4=0,0,B8/$B$4)
A9: Qualified | B9: =COUNTIF(Tracker!$I$2:$I$23,"Qualified") | C9: =IF($B$4=0,0,B9/$B$4)
A10: Handover | B10: =COUNTIF(Tracker!$I$2:$I$23,"Handover") | C10: =IF($B$4=0,0,B10/$B$4)
A11: Final stage | B11: =COUNTIF(Tracker!$I$2:$I$23,"Final stage") | C11: =IF($B$4=0,0,B11/$B$4)
A12: Stalled | B12: =COUNTIF(Tracker!$I$2:$I$23,"Stalled") | C12: =IF($B$4=0,0,B12/$B$4)
A13: Declined | B13: =COUNTIF(Tracker!$I$2:$I$23,"Declined") | C13: =IF($B$4=0,0,B13/$B$4)
A14: Total | B14: =SUM(B8:B13) | C14: =IF($B$4=0,0,B14/$B$4)
A16: Engagement | B16: Count | C16: % of total
A17: Advanced | B17: =COUNTIF(Tracker!$G$2:$G$23,"Advanced") | C17: =IF($B$4=0,0,B17/$B$4)
A18: Engaged | B18: =COUNTIF(Tracker!$G$2:$G$23,"Engaged") | C18: =IF($B$4=0,0,B18/$B$4)
A19: Light | B19: =COUNTIF(Tracker!$G$2:$G$23,"Light") | C19: =IF($B$4=0,0,B19/$B$4)
A20: Total | B20: =SUM(B17:B19) | C20: =IF($B$4=0,0,B20/$B$4)
A22: Country | B22: Prospects | C22: Active*
A23: UAE | B23: =COUNTIF(Tracker!$D$2:$D$23,"UAE") | C23: =COUNTIFS(Tracker!$D$2:$D$23,"UAE",Tracker!$I$2:$I$23,"Qualified")+COUNTIFS(Tracker!$D$2:$D$23,"UAE",Tracker!$I$2:$I$23,"Handover")+COUNTIFS(Tracker!$D$2:$D$23,"UAE",Tracker!$I$2:$I$23,"Final stage")
A24: Saudi Arabia | B24: =COUNTIF(Tracker!$D$2:$D$23,"Saudi Arabia") | C24: =COUNTIFS(Tracker!$D$2:$D$23,"Saudi Arabia",Tracker!$I$2:$I$23,"Qualified")+COUNTIFS(Tracker!$D$2:$D$23,"Saudi Arabia",Tracker!$I$2:$I$23,"Handover")+COUNTIFS(Tracker!$D$2:$D$23,"Saudi Arabia",Tracker!$I$2:$I$23,"Final stage")
A25: Egypt/Saudi Arabia | B25: =COUNTIF(Tracker!$D$2:$D$23,"Egypt/Saudi Arabia") | C25: =COUNTIFS(Tracker!$D$2:$D$23,"Egypt/Saudi Arabia",Tracker!$I$2:$I$23,"Qualified")+COUNTIFS(Tracker!$D$2:$D$23,"Egypt/Saudi Arabia",Tracker!$I$2:$I$23,"Handover")+COUNTIFS(Tracker!$D$2:$D$23,"Egypt/Saudi Arabia",Tracker!$I$2:$I$23,"Final stage")
A26: US | B26: =COUNTIF(Tracker!$D$2:$D$23,"US") | C26: =COUNTIFS(Tracker!$D$2:$D$23,"US",Tracker!$I$2:$I$23,"Qualified")+COUNTIFS(Tracker!$D$2:$D$23,"US",Tracker!$I$2:$I$23,"Handover")+COUNTIFS(Tracker!$D$2:$D$23,"US",Tracker!$I$2:$I$23,"Final stage")
A27: Egypt | B27: =COUNTIF(Tracker!$D$2:$D$23,"Egypt") | C27: =COUNTIFS(Tracker!$D$2:$D$23,"Egypt",Tracker!$I$2:$I$23,"Qualified")+COUNTIFS(Tracker!$D$2:$D$23,"Egypt",Tracker!$I$2:$I$23,"Handover")+COUNTIFS(Tracker!$D$2:$D$23,"Egypt",Tracker!$I$2:$I$23,"Final stage")
A28: Netherlands | B28: =COUNTIF(Tracker!$D$2:$D$23,"Netherlands") | C28: =COUNTIFS(Tracker!$D$2:$D$23,"Netherlands",Tracker!$I$2:$I$23,"Qualified")+COUNTIFS(Tracker!$D$2:$D$23,"Netherlands",Tracker!$I$2:$I$23,"Handover")+COUNTIFS(Tracker!$D$2:$D$23,"Netherlands",Tracker!$I$2:$I$23,"Final stage")
A29: UK | B29: =COUNTIF(Tracker!$D$2:$D$23,"UK") | C29: =COUNTIFS(Tracker!$D$2:$D$23,"UK",Tracker!$I$2:$I$23,"Qualified")+COUNTIFS(Tracker!$D$2:$D$23,"UK",Tracker!$I$2:$I$23,"Handover")+COUNTIFS(Tracker!$D$2:$D$23,"UK",Tracker!$I$2:$I$23,"Final stage")
A30: Lebanon | B30: =COUNTIF(Tracker!$D$2:$D$23,"Lebanon") | C30: =COUNTIFS(Tracker!$D$2:$D$23,"Lebanon",Tracker!$I$2:$I$23,"Qualified")+COUNTIFS(Tracker!$D$2:$D$23,"Lebanon",Tracker!$I$2:$I$23,"Handover")+COUNTIFS(Tracker!$D$2:$D$23,"Lebanon",Tracker!$I$2:$I$23,"Final stage")
A31: Australia | B31: =COUNTIF(Tracker!$D$2:$D$23,"Australia") | C31: =COUNTIFS(Tracker!$D$2:$D$23,"Australia",Tracker!$I$2:$I$23,"Qualified")+COUNTIFS(Tracker!$D$2:$D$23,"Australia",Tracker!$I$2:$I$23,"Handover")+COUNTIFS(Tracker!$D$2:$D$23,"Australia",Tracker!$I$2:$I$23,"Final stage")
A32: Türkiye | B32: =COUNTIF(Tracker!$D$2:$D$23,"Türkiye") | C32: =COUNTIFS(Tracker!$D$2:$D$23,"Türkiye",Tracker!$I$2:$I$23,"Qualified")+COUNTIFS(Tracker!$D$2:$D$23,"Türkiye",Tracker!$I$2:$I$23,"Handover")+COUNTIFS(Tracker!$D$2:$D$23,"Türkiye",Tracker!$I$2:$I$23,"Final stage")
A33: Spain | B33: =COUNTIF(Tracker!$D$2:$D$23,"Spain") | C33: =COUNTIFS(Tracker!$D$2:$D$23,"Spain",Tracker!$I$2:$I$23,"Qualified")+COUNTIFS(Tracker!$D$2:$D$23,"Spain",Tracker!$I$2:$I$23,"Handover")+COUNTIFS(Tracker!$D$2:$D$23,"Spain",Tracker!$I$2:$I$23,"Final stage")
A34: France | B34: =COUNTIF(Tracker!$D$2:$D$23,"France") | C34: =COUNTIFS(Tracker!$D$2:$D$23,"France",Tracker!$I$2:$I$23,"Qualified")+COUNTIFS(Tracker!$D$2:$D$23,"France",Tracker!$I$2:$I$23,"Handover")+COUNTIFS(Tracker!$D$2:$D$23,"France",Tracker!$I$2:$I$23,"Final stage")
A35: Albania | B35: =COUNTIF(Tracker!$D$2:$D$23,"Albania") | C35: =COUNTIFS(Tracker!$D$2:$D$23,"Albania",Tracker!$I$2:$I$23,"Qualified")+COUNTIFS(Tracker!$D$2:$D$23,"Albania",Tracker!$I$2:$I$23,"Handover")+COUNTIFS(Tracker!$D$2:$D$23,"Albania",Tracker!$I$2:$I$23,"Final stage")
A36: Total | B36: =SUM(B23:B35) | C36: =SUM(C23:C35)
A37: *Active = Qualified, Handover or Final stage

Sheet Key Insights
A1: Key Insights
A3: # | B3: Insight (as supplied) | C3: Data check against this tracker
A4: 1 | B4: Response rate is highest in Saudi and the UAE. | C4: Cannot be shown as a rate from this sheet: all 22 prospects replied, so non-responders are missing. The tracker supports 'most respondents are from the UAE (6) and Saudi Arabia (4, plus 1 Egypt/Saudi)'. Add non-responders to report a true response rate.
A5: 2 | B5: Independent consultants, coaches and clinic owners convert best; salaried executives don't respond. | C5: Not supported as written. No prospect has converted yet (furthest is 'Final stage'). Coaches: 1 Qualified, 1 Handover, 3 Declined (Bayo, Minoush, Bahar). Clinic owners: 1 Replied, 1 Declined. The most advanced prospects are founders/CEOs (Al Sharif, van der Laan, Habib). Salaried roles do respond here (e.g. Nate Guggia). Suggest: 'Founders and owner-operators progress furthest.'
A6: 3 | B6: The most common stall point is when a prospect wants proof before committing. | C6: Partly supported. Proof/detail objections appear 5 times (methodology, technical proof, wanted detail, written proposal, what the service is) - the most common objection theme. Only 1 prospect is formally 'Stalled' (Hadeer Ashour), and her objection is about investors using LinkedIn, not proof.
A7: 4 | B7: Declines cluster around two reasons: budget, and prospects who tested and were satisfied with their existing results. | C7: Not supported. 7 declines, 7 different reasons: scheduling, budget, tested & satisfied, disproved premise, prefers in-person, has an SEO person, messaging felt automated. Budget and 'tested & satisfied' are 1 each. Suggest: 'Declines are varied; the recurring theme is prospects who feel they already have visibility covered (own SEO person, tested and satisfied, disproved premise).'
